Pathway,Forward Reactions,Reaction,Flux,90% Confidence Lower Bound,90% Confidence Upper Bound
Glucose Uptake,GLCpts,Gluc.ext + ATP -> G6P,100,100,100
Glycolysis,PGI,G6P <-> F6P,-1.61,-2.09,1.42
Glycolysis,F6PA and DHAK ,F6P + ATP -> FBP,0,0,1.91
Glycolysis,F6PA and DHAK ,FBP <-> DHAP + GAP,0,0,1.91
Glycolysis,TPI,DHAP <-> GAP,0,0,1.91
Glycolysis,GAPD and -1*PGK,GAP <-> 3PG + ATP + NADH,86.56,82.61,88.84
Glycolysis,( -1*PGM or PGM_1 ) and ENO,3PG <-> PEP,78.52,71.65,81.26
Glycolysis,-1*PPS or FRUpts2pp or SBTpts or MNLpts or ACGApts or FRUpts2 or MANpts or FRUpts or ARBTpts or PYK or GALTpts or SUCpts or TREptspp or TREpts or GLCptspp or ACGAptspp or SALCptspp or MALTptspp or FRUptspp or SUCptspp or DHAPT or MALTpts or ACMANApts or GAMpts or SALCpts or GLCpts,PEP <-> Pyr + ATP,19.02,-10.89,75.15
Pentose Phosphate Pathway,G6PDH2r and PGL,G6P <-> 6PG + NADPH,100,96.96,100
Pentose Phosphate Pathway,GND,6PG <-> Ru5P + CO2 + NADPH,6.62,2.07,10.92
Pentose Phosphate Pathway,RPE,Ru5P <-> X5P,2.12,-0.89,4.37
Pentose Phosphate Pathway,-1*RPI,Ru5P <-> R5P,4.5,2.95,6.55
Pentose Phosphate Pathway,,X5P <-> TKC2 + GAP,2.12,-0.89,4.37
Pentose Phosphate Pathway,,F6P <-> TKC2 + E4P,-0.15,-1.11,1.36
Pentose Phosphate Pathway,,S7P <-> TKC2 + R5P,-1.97,-3.34,-0.46
Pentose Phosphate Pathway,,F6P <-> TAC3 + GAP,-1.97,-3.34,-0.46
Pentose Phosphate Pathway,,S7P <-> TAC3 + E4P,1.97,0.46,3.34
ED Pathway,EDA,6PG <-> KDPG,93.38,89.08,94.98
ED Pathway,EDD,KDPG <-> Pyr + GAP,93.38,89.08,94.98
TCA Cycle,PDH,Pyr <-> AcCoA + CO2 + NADH,135.41,116.26,196.6
TCA Cycle,CS or -1*CITL,OAC + AcCoA <-> Cit,69.04,58.52,82.65
TCA Cycle,ACONT or ( ACONTa and ACONTb),Cit <-> ICit,69.04,58.52,82.65
TCA Cycle,ICDHx or ICDHyr,ICit <-> AKG + CO2 + NADPH,69.04,10.08,82.65
TCA Cycle,AKGDH or OOR3r,AKG <-> SucCoA + CO2 + NADH,61.6,2.27,75.99
TCA Cycle,3OADPCOAT or OCOAT3r or SUCBZT1 or SUCBZT2 or OCOAT2r or OCOAT1 or -1*SUCOAS,SucCoA <-> Suc + ATP,59.88,0.87,74.45
TCA Cycle,SUCDi or -1*FRD2 or -1*FRD3 or -1*FRD5 or -1*SUCD1 or -1*FRD or -1*ASPO5,Suc <-> Fum + FADH2,61.6,50.51,75.99
TCA Cycle,FUM,Fum <-> Mal,63.27,22.17,77.49
TCA Cycle,MDH or MDH3 or MDH2 or DMALRED,Mal <-> OAC + NADH,25.97,-50.27,78.9
Glyoxylate Shunt,ICL,ICit -> Glyox + Suc,0,0,60.46
Glyoxylate Shunt,MALS,Glyox + AcCoA -> Mal,0,0,60.46
Anaplerotic Pathways,PC,Pyr + CO2 + ATP -> OAC,0,0,45.19
Anaplerotic Pathways,ME1 or ME2,Mal -> Pyr + CO2 + NADH,37.31,0,125.96
Anaplerotic Pathways,PPC,PEP + CO2 -> OAC,55.51,13.63,127.98
Anaplerotic Pathways,PEPCK_re or PPCK,OAC + ATP -> PEP + CO2,0,0,54.45
Acetate Formation,HXCT or BUTCT or ACACCT or -1*ACS,AcCoA <-> Ac + ATP,-1.89,-2.44,-1.69
Biomass Formation,,AKG + NADPH + NH3 -> Glu,36.02,32.14,47.07
Biomass Formation,,Glu + ATP + NH3 -> Gln,4.27,3.83,5.52
Biomass Formation,,Glu + ATP + 2*NADPH -> Pro,1.06,0.95,1.36
Biomass Formation,,Glu + CO2 + Gln + Asp + AcCoA + 5*ATP + NADPH -> Arg + AKG + Fum + Ac,1.25,1.12,1.62
Biomass Formation,,OAC + Glu -> Asp + AKG,10.83,9.17,15.26
Biomass Formation,,Asp + 2*ATP + NH3 -> Asn,1.1,0.98,1.42
Biomass Formation,,Pyr + Glu -> Ala + AKG,3.7,3.31,4.78
Biomass Formation,,3PG + Glu -> Ser + AKG + NADH,4.95,4.13,6.97
Biomass Formation,,Ser <-> Gly + MEETHF,2.7,1.93,4.07
Biomass Formation,,Gly <-> CO2 + MEETHF + NADH + NH3,0.48,0.01,1.34
Biomass Formation,,Thr <-> Gly + AcCoA + NADH,0.64,-0.29,2.17
Biomass Formation,,Ser + AcCoA + 3*ATP + 4*NADPH + SO4 -> Cys + Ac,0.64,0.57,0.83
Biomass Formation,,Asp + Pyr + Glu + SucCoA + ATP + 2*NADPH -> LLDAP + AKG + Suc,1.3,1.16,1.68
Biomass Formation,,LLDAP -> Lys + CO2,1.3,1.16,1.68
Biomass Formation,,Asp + 2*ATP + 2*NADPH -> Thr,3.19,2.2,5.52
Biomass Formation,,Asp + METHF + Cys + SucCoA + ATP + 2*NADPH -> Met + Pyr + Suc + NH3,0.42,0.38,0.55
Biomass Formation,,Pyr + Pyr + Glu + NADPH -> Val + CO2 + AKG,2.01,1.8,2.6
Biomass Formation,,AcCoA + Pyr + Pyr + Glu + NADPH -> Leu + CO2 + CO2 + AKG + NADH,2.17,1.94,2.8
Biomass Formation,,Thr + Pyr + Glu + NADPH -> Ile + CO2 + AKG + NH3,1.11,1,1.44
Biomass Formation,,PEP + PEP + E4P + Glu + ATP + NADPH -> Phe + CO2 + AKG,0.99,0.89,1.28
Biomass Formation,,PEP + PEP + E4P + Glu + ATP + NADPH -> Tyr + CO2 + AKG + NADH,0.48,0.43,0.62
Biomass Formation,,Ser + R5P + PEP + E4P + PEP + Gln + 3*ATP + NADPH -> Trp + CO2 + GAP + Pyr + Glu,0.34,0.31,0.45
Biomass Formation,,R5P + FTHF + Gln + Asp + 5*ATP -> His + AKG + Fum + 2*NADH,0.42,0.38,0.55
1-Carbon metabolism,,MEETHF + NADH -> METHF,0.42,0.38,0.55
1-Carbon metabolism,,MEETHF -> FTHF + NADPH,0.42,0.38,0.55
Oxidative Phosphorylation,,NADH + 0.5*O2 -> 2*ATP,334.67,138.58,403.86
Oxidative Phosphorylation,,FADH2 + 0.5*O2 -> ATP,61.6,50.51,75.99
Transhydrogenation,-1*NADTRHD,NADH <-> NADPH,21.31,-12.18,134.28
ATP Maintenance,ATPM,ATP -> ATP.ext,527.47,0,737.68
Transport,-1*CO2t,CO2 -> CO2.ext,264.28,165.71,299.18
Transport,O2t,O2.ext -> O2,198.14,80.16,239.92
Transport,NH4t,NH3.ext -> NH3,39.38,35.29,50.94
Transport,SO4t2,SO4.ext -> SO4,0.64,0.57,0.83
Biomass Equation,Growth or Growth_Phenol or Growth_Glucose,0.515*Ala + 0.174*Arg + 0.153*Asn + 0.439*Asp + 0.03*Cys + 0.314*Glu + 0.314*Gln + 0.399*Gly + 0.059*His + 0.155*Ile + 0.302*Leu + 0.181*Lys + 0.059*Met + 0.138*Phe + 0.147*Pro + 0.176*Ser + 0.201*Thr + 0.067*Tyr + 0.28*Val + 0.048*Trp + 9.035*AcCoA + 0.245*R5P + 0.325*MEETHF + 0.225*G6P + 0.071*F6P + 1.02*GAP + 0.43*3PG + 0.083*Pyr + 0.051*PEP + 0.087*AKG + 0.223*OAC + 33.25*ATP + 19.3*NADPH -> Biomass,7.18,6.43,9.28